trial_id,config_id,hidden1,hidden2,activation,dropout,optimizer,learning_rate,weight_decay,epochs,plqy_val_spearman,emi_val_spearman,em_val_spearman,abs_val_spearman,weighted_val_spearman,macro_val_spearman,worst_property_val_spearman,fold_weighted_spearman_mean,fold_weighted_spearman_std,runtime_seconds,rank
65,84e366cce4faa8aa,64,32,leaky_relu,0.15,adam,0.000868422081016009,5.8227148141978355e-06,500,0.616630263416517,0.7012051514778028,0.48252165935122865,0.6940261603095859,0.6310563284911787,0.6235958086387836,0.48252165935122865,0.631360798534404,0.007336313119227482,90.10586428642273,1
45,49f686895c06b7a9,192,48,leaky_relu,0.25,adam,0.000986217081203143,0.001377790947172192,250,0.6227014962601767,0.7006499038089361,0.4826769752759238,0.6907574619513821,0.6308830143259768,0.6241964593241046,0.4826769752759238,0.6314191520293949,0.007888346384189024,130.54597401618958,2
64,1ac8614c72fc3178,256,32,leaky_relu,0.25,adamw,0.0003709192007388982,2.59355495536985e-07,500,0.6219434197266278,0.7005550986867223,0.4791666885129392,0.6934237313342017,0.6307559635304243,0.6237722345651228,0.4791666885129392,0.631730851611864,0.008891659690974899,299.8761088848114,3
10,d7103c5fa6d8cfda,96,32,relu,0.1,adamw,0.0005474597670531609,2.443678860777235e-05,500,0.6190721865305139,0.7009825132657078,0.48094116446592733,0.6924413822759811,0.6304943042951593,0.6233593116345325,0.48094116446592733,0.6308556573857073,0.005166451508689694,126.61368703842163,4
35,6b7a9e51d2148382,192,128,leaky_relu,0.1,adamw,0.0010062606312794106,0.0011554639157104988,150,0.6215132710356386,0.7004341930364413,0.48010268103554543,0.6919586525719175,0.6303964843547586,0.6235021994198857,0.48010268103554543,0.6308188456103141,0.00725551358284199,155.55571508407593,5
4,f564a0dc9cc3b7a5,160,32,relu,0.2,adamw,0.0005410586419079254,2.1034302148273878e-05,650,0.618256936272497,0.701147219707354,0.47828238423367053,0.6942145828943725,0.6303365215148656,0.6229752807769735,0.47828238423367053,0.6309371185686385,0.0057970193800510016,250.06887793540955,6
3,a09b1925304c48e3,192,32,leaky_relu,0.25,adamw,0.0013507140157194006,0.0010705761930299078,150,0.6206658520420428,0.7006248680392128,0.48335474558458025,0.6893638122673048,0.6302399649666168,0.6235023194832852,0.48335474558458025,0.6307153545847325,0.008027740024813742,71.43860268592834,7
15,84d18d04c11ae6f5,96,96,leaky_relu,0.15,adam,0.00022184201381076471,0.0004780637885050192,650,0.6174661757475389,0.7023176106929578,0.48314830720106144,0.6897440625089528,0.6302133791010823,0.6231690390376278,0.48314830720106144,0.6307183893718232,0.008700173335214745,298.01998710632324,8
79,7142ac8b64abb7b6,192,32,relu,0.1,adam,0.0004472796279674344,1.405265051160516e-07,350,0.6196237988589823,0.7009464060593624,0.4795169600110753,0.6919295227727938,0.6300582302367058,0.6230041719255535,0.4795169600110753,0.6305721493116037,0.006684715881006392,142.33116626739502,9
8,a09cc8574a12feae,192,96,leaky_relu,0.25,adamw,0.0010401806307310227,9.28968936842458e-07,250,0.6219304149204232,0.7003930922530084,0.47657162421810656,0.6929712827375019,0.6299258799430401,0.6229666035322601,0.47657162421810656,0.6304305261510839,0.007666945935083563,201.3313431739807,10
89,3d7aefb9d3b93918,96,96,leaky_relu,0.15,adamw,0.001427211972637999,3.925550850570629e-07,150,0.6169476619916153,0.7011876490221269,0.4821230505121736,0.6906398360100612,0.6298835238405524,0.6227245493839942,0.4821230505121736,0.6304685700275412,0.007732980747456388,66.1143729686737,11
78,5d0d2249af8eba90,96,64,relu,0.15,adam,0.0009488958506011756,3.9029918027000896e-05,350,0.6190704685091121,0.6985499929649855,0.47758610935742746,0.6942026795052884,0.6296336489790529,0.6223523125842033,0.47758610935742746,0.6299612292569905,0.005278797363704731,109.17994022369385,12
81,4306cfd9e9cfa0f2,64,64,relu,0.15,adamw,0.0039022022264409146,6.781697332050053e-05,150,0.6199311671284022,0.6996030654259559,0.4757913553633092,0.693644777084581,0.629421669926397,0.622242591250562,0.4757913553633092,0.6294966915510248,0.007208430445518924,34.098390102386475,13
42,c82fc4870f8ff1ad,128,64,leaky_relu,0.15,adamw,0.0010504159271939734,1.062234479993689e-06,500,0.6175648068038362,0.6999102996342923,0.4747794229535777,0.6946261243428032,0.6291820352250791,0.6217201634336273,0.4747794229535777,0.6291811851410206,0.007220376973217605,212.6963610649109,14
43,1083dbb310fdd830,192,64,relu,0.2,adam,0.00015038247967519901,0.0011967998021717207,500,0.6165818978345994,0.7002709195275246,0.4834148690560533,0.6884269772175747,0.6291704064552571,0.6221736659089381,0.4834148690560533,0.6297086661821027,0.008487996069858447,264.0639560222626,15
41,a1aa73b9b17f5739,128,32,relu,0.1,adam,0.0021102607246337012,9.877969989690648e-07,150,0.6166517895808555,0.699476716431271,0.4806445826802764,0.6909061074811174,0.6291223022015506,0.62191979904338,0.4806445826802764,0.6296580044629668,0.00773848294299751,40.94220519065857,16
31,a177db0f206902e2,256,32,leaky_relu,0.25,adamw,0.0003941396766512985,9.71329224280211e-06,250,0.6199986306079337,0.6998953884928723,0.48043685056792484,0.6879758113653465,0.6287657554923493,0.6220766702585193,0.48043685056792484,0.6297317938249819,0.009564378825745089,182.9167857170105,17
37,525df24d12dd18fb,256,64,leaky_relu,0.25,adam,0.0012554042317230508,5.169877625619855e-05,350,0.6188675318604927,0.698485710318058,0.4723129771934671,0.6955927186523975,0.6287514792807036,0.6213147345061039,0.4723129771934671,0.6292781913909236,0.006483065847699911,275.6076180934906,18
12,38debe248d48f5ac,128,96,leaky_relu,0.25,adam,0.0017893424119963316,2.0743744028985277e-05,350,0.6182640849024482,0.6975708253430991,0.47330081676284563,0.6957770766070194,0.6287199999283226,0.6212282009038531,0.47330081676284563,0.6290311926654889,0.007697914491017047,213.4266848564148,19
84,882bb0e5eb77424e,192,96,leaky_relu,0.05,adamw,0.0008025961496958039,0.0003832808607123,250,0.6181777824358714,0.6967204550730848,0.47308525924463324,0.6951915752684344,0.6282409509381099,0.620793768005506,0.47308525924463324,0.6284656095037332,0.00612785169244797,189.41851496696472,20
92,e9994220f9929406,256,48,relu,0.0,adamw,0.0002653099833681582,2.0654251346144955e-07,350,0.6174441584215586,0.6988716808949725,0.47476066692825125,0.6925691327437264,0.628209083730126,0.6209114097471272,0.47476066692825125,0.6286576323923303,0.008126867484626165,181.8080997467041,21
25,4db2d4a88440c793,192,48,leaky_relu,0.25,adamw,0.0009337506869412347,3.3558340707381327e-07,650,0.6176240240801678,0.6971555108850996,0.47114075496202384,0.6961755408052399,0.6281092987246089,0.6205239576831327,0.47114075496202384,0.6280528810814276,0.00709879632047895,424.8211143016815,22
36,5f6279afd884560d,96,32,relu,0.2,adam,0.0004126353920168811,3.648816377543092e-07,350,0.613663963341569,0.7008106456665334,0.479877124559032,0.6877786309542058,0.6277378641835222,0.620532591130335,0.479877124559032,0.6283087586939025,0.007373951015852182,99.49826216697693,23
23,84235a1ca57db03a,96,48,leaky_relu,0.1,adam,0.00432916549848235,0.0014667475845865227,250,0.6167484691870769,0.6931698087019424,0.4758921191578987,0.6949754090249117,0.6277104343926466,0.6201964515179574,0.4758921191578987,0.6282076295123014,0.007433776275473431,73.66007804870605,24
95,37f6a824b9a42115,160,96,leaky_relu,0.0,adamw,0.0006939727867079395,0.00022215483803404647,150,0.6187488472717948,0.6977850437718981,0.4742375784399958,0.6906838534062064,0.6273955055189832,0.6203638307224738,0.4742375784399958,0.6279301019616605,0.005931860374742608,84.77498507499695,25
58,e3a644e4a951252e,160,128,relu,0.0,adamw,0.0005017189540803197,0.00028887100010314265,150,0.6195672581085643,0.6993414172674316,0.4725779940996144,0.689913052615239,0.627267672269108,0.6203499305227124,0.4725779940996144,0.6279402582953855,0.007249003233028194,94.17642998695374,26
57,f827ea10140604da,96,64,silu,0.25,adamw,0.0008321083762141617,2.895134748914289e-05,650,0.6159532719211956,0.7004734269504697,0.4796153842851104,0.6849848309903481,0.6270432114479371,0.6202567285367809,0.4796153842851104,0.6275153473569117,0.009931704362835447,255.4068639278412,27
44,ffe780625d82d76e,192,128,gelu,0.25,adamw,0.0001887549351217051,6.342939702867159e-06,650,0.6172125854724361,0.6995033177815048,0.4800428707783742,0.6839137943068438,0.6267551247396008,0.6201681420847898,0.4800428707783742,0.627126293897377,0.01005392171676483,541.0727798938751,28
6,c4d191b841a19fd1,192,32,gelu,0.1,adamw,0.000624954726345965,2.256213707171686e-06,250,0.618987993083927,0.69808825604612,0.47839412159723,0.6848670356839801,0.6266021264714233,0.6200843516028143,0.47839412159723,0.6271215830887101,0.009739143948088315,112.2814211845398,29
67,107b8498c0df5a52,96,32,gelu,0.25,adam,0.0007643607917453126,7.919145947728303e-07,650,0.6140693235349864,0.7017589696269633,0.4748779496404874,0.6867858739933587,0.6264928938197045,0.6193730291989489,0.4748779496404874,0.6267700935529582,0.009426799240446326,153.05892705917358,30
72,f575d5e530b50247,64,32,leaky_relu,0.15,adamw,0.0025736631055936704,0.0014731667998229957,650,0.6108708414311836,0.6957617506450803,0.47177386989671616,0.6950938709215682,0.6264199120786925,0.6183750832236371,0.47177386989671616,0.6263016055142016,0.005452538550917605,117.81478238105774,31
86,f0dfc322de2e438a,64,48,silu,0.15,adamw,0.0007675788925162001,0.0002999097914536926,500,0.6138659509793344,0.7002188743644234,0.47958540913280057,0.6843568648841797,0.6264133459002535,0.6195067748401845,0.47958540913280057,0.626492796875086,0.010143090999790766,128.44204592704773,32
77,6e148aae20457007,256,96,gelu,0.1,adam,0.00024653309440575313,9.161473531884603e-06,350,0.6155800934725142,0.698741616039465,0.4788510947759006,0.6851001715494472,0.6263887668102317,0.6195682439593317,0.4788510947759006,0.6267299674941313,0.010311194038768045,317.3392460346222,33
32,15186fa4d8d49156,160,32,silu,0.1,adamw,0.0006895468436850592,2.0280638706020983e-06,500,0.6158896728483423,0.6993111773357246,0.4774371847447617,0.685248456963857,0.6262886917278129,0.6194716229731714,0.4774371847447617,0.6264313952264382,0.009264225848420992,267.2384650707245,34
55,f5007b73eb43bb7f,192,48,gelu,0.1,adam,0.000773203555968663,0.0009666006601134266,500,0.6147464383658461,0.6988308884837302,0.4779156147408612,0.6858325374042942,0.626285817747775,0.6193313697486829,0.4779156147408612,0.6267496563859011,0.009360291982069873,245.5356628894806,35
50,244419c6cca3409a,256,64,gelu,0.1,adamw,0.0002468483130295338,1.372786776442355e-06,350,0.6155590215909084,0.6991866923612302,0.4785235548857338,0.6843592059723579,0.6261728824726134,0.6194071187025576,0.4785235548857338,0.6264491437703577,0.010238877710740267,250.6674461364746,36
66,aaa50f1a75681261,160,32,silu,0.2,adamw,0.002540021712472528,0.0012050217923932132,350,0.6104834785851692,0.701126878590036,0.4770494190509129,0.6864347161045343,0.6261475665958961,0.618773623082663,0.4770494190509129,0.6261724915566942,0.009767861798216402,154.90224194526672,37
88,983b8ccdbe177a98,128,32,leaky_relu,0.0,adam,0.00020349778264566377,1.0005116576927228e-05,500,0.6149122136069523,0.6991244503869104,0.47328088658652906,0.6884589243261001,0.6261236141299082,0.6189441187266229,0.47328088658652906,0.6266620155784597,0.006882750502545592,139.73321080207825,38
59,446c859b4545ba43,160,32,gelu,0.25,adamw,0.000578428252611205,1.3358311154285248e-07,250,0.6103347248158678,0.6987398533735449,0.4822443001614461,0.6840283419646541,0.6259875876040262,0.6188368050788782,0.4822443001614461,0.6261538917961574,0.009231436704736813,89.90650987625122,39
75,e8249edc79366acd,64,48,silu,0.1,adamw,0.0008137981308332274,3.125710074395691e-06,650,0.613640979170531,0.6999066963329381,0.47706900580534517,0.6846780040900348,0.6257853945111758,0.6188236713497123,0.47706900580534517,0.6261409058639044,0.00939424384073772,167.57833814620972,40
19,b7f144779cd350b7,64,64,gelu,0.1,adam,0.00032686298326974815,0.0001220968152688792,500,0.6109726122290617,0.6987764802823974,0.48011451535527905,0.6838510621148205,0.6255225453447563,0.6184286674953896,0.48011451535527905,0.6256092850704572,0.009172150875840486,117.28866600990295,41
60,8b93c8dbd49147ad,96,32,gelu,0.1,adamw,0.0009689845194834762,1.8856636420267505e-07,150,0.609720588326207,0.6996226235876256,0.4805158913814488,0.6833532319128934,0.6254628096459622,0.6183030838020438,0.4805158913814488,0.6258358706531406,0.009633166985223224,35.88675785064697,42
1,7c79dd5e8a1f94d1,256,128,gelu,0.05,adamw,0.0002590404564935212,1.1500645271711887e-07,350,0.6151155179001953,0.6980150290028183,0.474842203950096,0.6857106510370659,0.6253447983425312,0.6184208504725439,0.474842203950096,0.6257533128512262,0.010279906540201516,399.3118829727173,43
20,d494f3ac9bc34c6b,64,48,leaky_relu,0.2,adam,0.00026250722390898596,1.2343401848062323e-07,500,0.6108054979527664,0.6979814239220918,0.4779207881227711,0.6850179556099952,0.6251405405588538,0.6179314164019062,0.4779207881227711,0.6257215965536594,0.008617821287147344,108.35278105735779,44
90,8252d42caf12b66d,128,96,silu,0.1,adamw,0.0013934290300225349,2.4673797563837226e-06,350,0.61278264578868,0.6979280346092889,0.47388516983875895,0.6869684292756177,0.6251151297530132,0.6178910698780864,0.47388516983875895,0.625219472241448,0.008966942186589829,208.92864108085632,45
21,9b4ab69ae3f1f552,160,96,relu,0.0,adamw,0.00021954849226260654,2.4505077530622406e-06,650,0.6138142664267302,0.6958678865218796,0.46593901906633817,0.693213377841788,0.6248844818728321,0.617208637464184,0.46593901906633817,0.625191168965004,0.005182212544496634,389.4361550807953,46
61,4c892438187311a8,192,128,silu,0.1,adam,0.0011163232971454751,9.607628189338038e-06,150,0.6133522466142515,0.6967705165733488,0.4789977758525213,0.6830948603662496,0.6248826895524806,0.6180538498515927,0.4789977758525213,0.6251582406538674,0.009798293650015702,146.9465627670288,47
96,a56ca54878d16c0f,192,32,relu,0.05,adam,0.0005802050548670328,3.0604454384964712e-06,500,0.6085604612769597,0.6963712187186913,0.47015378473834923,0.6922611701619032,0.6248522176785744,0.616836658723976,0.47015378473834923,0.6252843377028905,0.005614224289270188,177.36998200416565,48
52,f6644725bd5e0291,96,64,silu,0.25,adam,0.0008876540722354235,2.5201203010311967e-06,250,0.6080499289083716,0.6972801167436607,0.48192268083575024,0.6820239734765439,0.6244882447923975,0.6173191749910816,0.48192268083575024,0.6247130549187168,0.010301770690622023,96.95563888549805,49
28,7216d7a675cf347c,128,48,leaky_relu,0.15,adam,0.003962193312967575,0.00014944088925267107,350,0.6076693866761449,0.6954427647000408,0.46555539929475087,0.6955378630176997,0.6244254624179228,0.6160513534221591,0.46555539929475087,0.6245338283851438,0.00726824182374897,168.72522926330566,50
39,68df4419182d6f37,160,32,silu,0.2,adamw,0.0018769772782831207,0.0001021079110024308,650,0.6089605654721799,0.6985945308331099,0.47281671152767507,0.6866781604593531,0.6242881368715144,0.6167624920730795,0.47281671152767507,0.6242912859775788,0.00958160533068617,280.08306312561035,51
47,995a94c9db5886ad,128,48,silu,0.05,adam,0.0006483337784158309,7.03364708105357e-05,650,0.613155724485517,0.6977213812401257,0.4712680989428423,0.6857488329260698,0.6240782353396908,0.6169735093986387,0.4712680989428423,0.6241979486417,0.009208184190745695,275.40253806114197,52
76,f28bcc79ef3dae8a,128,96,gelu,0.25,adam,0.00041295111834034826,6.47914090171369e-07,250,0.606734418363001,0.696864378972133,0.48114012684107166,0.6820268252862869,0.6239709965942816,0.6166914373656232,0.48114012684107166,0.6240567052541649,0.009762309383927966,129.74656891822815,53
16,a162c02bb7698bdc,192,32,gelu,0.0,adam,0.0007008006578840472,0.0004742240731621889,350,0.6132308278849534,0.696691207142947,0.47223098185271484,0.6851910434803503,0.6238783573789148,0.6168360150902414,0.47223098185271484,0.6240812147684567,0.008879604199653581,131.6004340648651,54
69,479339340016d561,192,96,leaky_relu,0.05,adam,0.000618640449021688,0.00013145174376521132,500,0.6089561846531226,0.69453221712879,0.4671615893922044,0.6926414374393131,0.623840532136717,0.6158228571533575,0.4671615893922044,0.6243208411381072,0.006491132711743969,380.9756410121918,55
11,8ee27260ee0d7434,192,64,silu,0.15,adam,0.00046091070705537007,0.00037188226235132846,250,0.6071841040676372,0.6965893351488612,0.4792243110152408,0.6826143499666046,0.6237010229126646,0.616403025049586,0.4792243110152408,0.6238888754443741,0.011054367690078974,192.25855326652527,56
68,afc48171b077b004,96,96,gelu,0.15,adam,0.0006542899016411565,7.806353869023757e-07,150,0.6052378210166607,0.6976610380624984,0.47752510450485464,0.681902552814265,0.622996789262771,0.6155816290995697,0.47752510450485464,0.6234830869598481,0.009819948694237227,62.22875094413757,57
18,597419e5ba3c86ce,256,48,silu,0.25,adamw,0.004266355085208039,0.00018723914692254654,350,0.6107784177689115,0.6990692324130481,0.46322783515059457,0.6875963977446184,0.622666893244606,0.6151679707692932,0.46322783515059457,0.6228213143404906,0.008977053652438463,288.0341520309448,58
27,682ebd45b1b09e87,64,32,silu,0.15,adam,0.0007163012174305544,0.0015689815779469434,350,0.6055685285542592,0.6954958574475197,0.4787112197372474,0.6814361990229494,0.6226344619961188,0.6153029511904939,0.4787112197372474,0.6228703801905965,0.011104615001202451,100.11850023269653,59
91,3c5bcda2187c8c19,128,128,silu,0.0,adam,0.0003014730701959282,2.8921793593047342e-05,350,0.6056534792091235,0.6944195542603436,0.4748926474498514,0.6831083103316153,0.6219918896071928,0.6145184978127334,0.4748926474498514,0.6223435227409955,0.00953975317631889,225.94946122169495,60
46,b42a98d50f9e265b,96,48,silu,0.2,adam,0.0002535526183703597,9.28799936204654e-05,500,0.6010271591809567,0.6952038009357745,0.4791523234949496,0.6805297412615116,0.6216077443891977,0.613978256218298,0.4791523234949496,0.6218222268649929,0.010527946863347829,167.548681974411,61
56,eff319b8f9796015,64,32,leaky_relu,0.1,adamw,0.00023064615203386083,7.083243280566724e-07,350,0.6024947944158746,0.6944217434994683,0.4762232306117955,0.6822524037937464,0.6215065220134137,0.6138480430802212,0.4762232306117955,0.6218646880655575,0.00777244914305898,63.14785313606262,62
22,0457eab2ff848fb5,96,64,silu,0.1,adam,0.0002944682044258943,1.139149007759041e-05,350,0.6013255317133205,0.6955507229655309,0.47844899940084706,0.6801587619133035,0.6214507977340504,0.6138710039982506,0.47844899940084706,0.6217230612153745,0.01043755629193605,153.21549892425537,63
34,5b862131b9f9f157,192,32,leaky_relu,0.1,adam,0.0018492947121685171,0.0002563119747992264,650,0.6070920924508358,0.6916007259829852,0.4593960203924535,0.6940185282015194,0.6213318374842045,0.6130268417569484,0.4593960203924535,0.6216816356155672,0.005068085845222656,330.0598075389862,64
94,f7bccd3dc7df7e8f,160,128,leaky_relu,0.0,adam,0.0009864629420253403,0.00011980541468635795,250,0.6103924578080947,0.6934283982179404,0.4585600385669958,0.691417959213517,0.6212832186138606,0.613449713451637,0.4585600385669958,0.621952342835978,0.006345917191162082,170.03844809532166,65
26,8bd3209df1aef54c,256,48,leaky_relu,0.15,adam,0.0015470873367931393,9.342415529870108e-05,650,0.5966960233098447,0.6923898185172732,0.46235741921756335,0.6962530549528473,0.6212628555785191,0.6119240789993821,0.46235741921756335,0.6212926490332252,0.008285138092664726,524.0021290779114,66
5,a020a7cb4f1c3301,128,32,relu,0.05,adam,0.00033418349336513764,1.303609370196039e-05,150,0.6041743070530814,0.6974502122855198,0.471263314526503,0.6802580162986095,0.6206838630491732,0.6132864625409284,0.471263314526503,0.6210413581196071,0.008314847132106612,43.623393058776855,67
2,a084c0f81fd6e194,256,32,leaky_relu,0.05,adam,0.0010315708377877063,0.0004597057106725341,650,0.6015558828560436,0.6896263901314096,0.4644922093224954,0.6924883135080013,0.6206430411338089,0.6120406989544875,0.4644922093224954,0.6207738451860794,0.010722698481407231,414.9752218723297,68
62,6dd99c69427550e5,128,64,relu,0.0,adamw,0.0011623225330878346,0.00018444402168322268,250,0.6047849776328167,0.6942289140519854,0.46055419912774204,0.6880712187990451,0.619928733698577,0.6119098274028972,0.46055419912774204,0.6201214143136461,0.008186059039166077,82.65531373023987,69
9,e893a0dcf4aa6e3b,96,48,leaky_relu,0.1,adamw,0.003198904393133674,0.0005297033083839529,350,0.6031199166617992,0.6907056666151503,0.45422742648766445,0.6918146906445501,0.6184400138503602,0.609966925102291,0.45422742648766445,0.6191614041351416,0.006696892835941878,116.4461727142334,70
13,3292a83bd9545191,160,96,leaky_relu,0.15,adam,0.00012888508892144166,5.595803492464702e-05,250,0.6028165952632097,0.693125391702644,0.4692402833176467,0.6786442382372248,0.618319216699249,0.6109566271301813,0.4692402833176467,0.6187030705895926,0.008579998554145353,181.36394095420837,71
83,49cf36b894d4d3d0,160,32,relu,0.15,adamw,0.004135821746907088,1.1837185059658781e-07,500,0.5957687612999413,0.6883717310192293,0.4578437857542411,0.6917019035069614,0.6174632181516712,0.6084215453950933,0.4578437857542411,0.6174461046600873,0.01088014732487678,170.70690298080444,72
99,86c30bdc6167b2fe,64,48,gelu,0.25,adam,0.0002424460289951055,8.275224704014823e-06,350,0.5934220418091533,0.6910390277716582,0.4758559488178049,0.6769225734786689,0.617265646457405,0.6093098979693213,0.4758559488178049,0.6173409947938043,0.01029431417072649,63.750948905944824,73
30,d907debe18118ede,128,48,silu,0.2,adamw,0.0002955687793711864,0.00018443738196973245,250,0.5944035985242428,0.6919400956039415,0.4731027818162732,0.6770865752015367,0.6170395317481121,0.6091332627864985,0.4731027818162732,0.6172374898779917,0.01067332451139548,131.07543396949768,74
33,ef4d9ca68997d5cb,128,128,leaky_relu,0.0,adam,0.000105078619563861,2.2669801568073624e-05,250,0.5992024260451427,0.6897153762073738,0.46874241653922255,0.6788805949514057,0.6167991094075358,0.6091352034357862,0.46874241653922255,0.617391869648971,0.00826399116869104,178.78552222251892,75
98,75929056955d2c40,256,128,leaky_relu,0.1,adamw,0.0020283100934193384,7.691884012381284e-07,350,0.5983103939667052,0.6871316540991413,0.4522551966949317,0.6919152707109651,0.6162714914664452,0.6074031288679359,0.4522551966949317,0.616278743236247,0.007615900996678808,296.18854880332947,76
48,af815683a7b0161e,160,96,relu,0.2,adam,0.003969476687745878,4.83941383665707e-07,500,0.5982347166472135,0.6868116912896782,0.4526295731423286,0.6891120141063701,0.6153386256041157,0.6066969987963976,0.4526295731423286,0.615659007956382,0.006760265632013408,284.7863528728485,77
100,a959276fa62fedda,128,128,leaky_relu,0.1,adam,0.0025395418991397403,1.7139102170920124e-05,500,0.5885996816898821,0.6872810886721694,0.45965744872185027,0.6883835294052937,0.615329102355396,0.6059804371222989,0.45965744872185027,0.6155238259457497,0.00745318214380182,220.99107098579407,78
29,a6b039fd58d181e2,64,32,silu,0.2,adam,0.00017737090667897172,5.8655483850662774e-06,500,0.5886584258735296,0.6879852368153994,0.47444526421295447,0.6760977003462105,0.6150684560195349,0.6067966568120235,0.47444526421295447,0.6153499363109981,0.01112779329765722,134.11878490447998,79
82,388d33baa43ae7d1,256,96,relu,0.1,adam,0.0010753306316706784,6.832092738174784e-06,650,0.5943804273296954,0.6810837043216237,0.45358293332275584,0.6931568882563139,0.6148051707104386,0.6055509883075972,0.45358293332275584,0.6152481277265851,0.007278592819683345,514.5228490829468,80
51,fd084706cf1e8eb4,160,32,silu,0.1,adam,0.00036210538274800944,2.905513303225846e-06,150,0.589593019499545,0.6872122037277975,0.47076218013257726,0.6749878526285931,0.6137556263282813,0.6056388139971282,0.47076218013257726,0.6141485383152895,0.011261651545818336,65.2884030342102,81
74,20fc55c37ea5edf5,128,48,gelu,0.2,adam,0.0001298433919136509,1.471384885586716e-06,350,0.5927690689306895,0.6866914924622602,0.4696385002843999,0.6740740279650657,0.6135747868507611,0.6057932724106039,0.4696385002843999,0.613614411725736,0.010568183923410324,123.48084783554077,82
93,f79bb0db21d965c0,128,64,gelu,0.0,adamw,0.0025489916059597537,9.668370899138132e-07,250,0.5946852429963209,0.6861217562729909,0.4502532752912175,0.6821448165276165,0.61167406170744,0.6033012727720364,0.4502532752912175,0.612089802664993,0.009581030094035138,88.29131484031677,83
14,c89da037631cb69a,192,96,gelu,0.0,adamw,0.001085879832600448,0.0012913634986115596,350,0.597563321334078,0.6879479558814032,0.4489088009192458,0.6797986583059736,0.6115141816936792,0.6035546841101752,0.4489088009192458,0.6114777438433496,0.010884632449660906,234.13834381103516,84
73,635c12ad029b95ec,64,64,silu,0.0,adam,0.002193212156300936,1.0277976899527394e-05,500,0.5950588169120316,0.6863179649856239,0.4493241541647155,0.6809859477425522,0.6111743380534391,0.6029217209512308,0.4493241541647155,0.6113177449694925,0.00941264295373118,133.1076102256775,85
53,86ec7aae7945da52,192,32,leaky_relu,0.1,adamw,0.00018338584483088593,7.591899445840187e-05,150,0.5926490609561186,0.6817147783315155,0.46585890897201754,0.673120095517923,0.6110386112680358,0.6033357109443936,0.46585890897201754,0.6114824845813072,0.011633954628713012,67.87189030647278,86
97,24c4d85939e269d0,256,128,gelu,0.0,adamw,0.0003809905942673261,3.816579741454212e-05,650,0.5944643413048527,0.6843873421171709,0.449414257815876,0.6821201944194946,0.6109796479064185,0.6025965339143485,0.449414257815876,0.6107882742944272,0.010424404353035958,398.87981700897217,87
54,2f3c6c150aae2e6e,64,48,leaky_relu,0.05,adam,0.00012323677320584092,7.894391645394071e-05,350,0.5892121698788946,0.6822401728112046,0.468374987418015,0.6670962658986727,0.6092163930051323,0.6017308990016967,0.468374987418015,0.6096973834529139,0.010236544609388647,75.11655187606812,88
17,abcf193a8c5d3da6,160,32,gelu,0.05,adam,0.0021564633245675104,1.3191154304021186e-07,500,0.5816848921327972,0.682590398649282,0.44831795465424945,0.6827904629796325,0.608336695403902,0.5988459271039903,0.44831795465424945,0.6083367551326144,0.00806864023411688,175.4948968887329,89
38,770f8193d14a3a1a,256,96,gelu,0.1,adam,0.002009503873603071,2.4765982525575308e-05,500,0.5840035104763242,0.6834597198153847,0.44107531087105406,0.6845293909376754,0.6077477624840298,0.5982669830251096,0.44107531087105406,0.6080935589873206,0.008405478707916046,445.48500990867615,90
70,09191e231f11a32e,160,32,silu,0.25,adam,0.00018522011553681717,0.0015702649762047792,250,0.5833393659804175,0.6784546351372567,0.46762049915584497,0.6681332805656872,0.6074253092469648,0.5993869452098015,0.46762049915584497,0.607712515508861,0.013346785577023946,110.83546757698059,91
7,6017d4db2372b423,64,32,silu,0.15,adamw,0.0001237385248164489,4.782136386540572e-07,500,0.5818838457284659,0.6769338857263307,0.4687461327584652,0.6671331196994159,0.6067371385811383,0.5986742459781694,0.4687461327584652,0.6071094059183031,0.011818346412691808,116.32231187820435,92
87,1c7f9105c0cb9400,96,96,gelu,0.1,adamw,0.004743119910221223,0.00047668009538512124,500,0.5833972755530663,0.6870140960059208,0.436450278294209,0.6805105854407442,0.6060877487590974,0.5968430588234851,0.436450278294209,0.6067821758287617,0.006986939870349737,203.72935223579407,93
49,8b1cd89f38c3dd7c,256,128,leaky_relu,0.0,adamw,0.004555555091920296,0.00021151278457470332,250,0.5698938857130651,0.6672263170528648,0.45078059730212094,0.6738243292491045,0.6000644355118651,0.5904312823292889,0.45078059730212094,0.6026299813459648,0.005338725235777182,254.932058095932,94
85,084db929b4cde114,160,32,leaky_relu,0.0,adamw,0.00014449371683334343,1.3099262259117597e-06,150,0.5818217232476813,0.6745759171658104,0.44602294667100717,0.6644007674205274,0.5996450322901238,0.5917053386262565,0.44602294667100717,0.6004395111907639,0.016460573134711047,51.15449285507202,95
71,b4e8c40eaea535dc,192,32,leaky_relu,0.0,adam,0.003300391362435932,1.243381633640818e-05,500,0.5732973019014747,0.6654008381579246,0.44401872205952225,0.6686903697750268,0.5968050326840513,0.5878518079734871,0.44401872205952225,0.5986838390550396,0.00804628346004529,202.2801320552826,96
80,6bc622999a84524e,160,64,leaky_relu,0.15,adam,0.0001131038625492431,8.47498616106887e-05,150,0.5789148334170952,0.669226753729791,0.44363269571348785,0.6598794856917068,0.5957045397492,0.5879134421380202,0.44363269571348785,0.5960037399570561,0.016017046300210835,79.16202187538147,97
40,af42200f3e61ef81,128,128,gelu,0.05,adamw,0.004466810318671231,0.00013996189680148276,500,0.563344535266518,0.6663173838068672,0.4287189091036328,0.6748339722146288,0.593662005976028,0.5833037000979117,0.4287189091036328,0.5940141396661639,0.008180119836807439,298.96801018714905,98
63,cf69b605c562030f,128,96,relu,0.0,adamw,0.0030008473848457916,2.111198047264157e-05,650,0.5629518597086407,0.6608806587709605,0.4198727361356209,0.6678140973260754,0.5877073791398518,0.5778798379853244,0.4198727361356209,0.5894765494743661,0.008943551634370547,277.4983808994293,99
24,e92bc531eab31bad,128,128,relu,0.0,adamw,0.004069961685489003,1.535830305219924e-05,650,0.5511371209608473,0.6501999733095682,0.4287845263896788,0.660643877801837,0.5828062433654426,0.5726913746154828,0.4287845263896788,0.5836771807018185,0.009933500631283506,406.41764092445374,100
